sequence_id,sequence,length,source,num_candidate_stems,num_overlap_conflicts,num_crossing_conflicts,selected_for_simulation,selected_for_hardware,reference_structure,reference_mfe
synth_000008,GUGUCCAGGA,10,synth,1,0,0,True,True,..........,0.0
synth_000010,GCAAUCCCUU,10,synth,1,0,0,True,True,..........,0.0
synth_000012,CAAGUUUCAU,10,synth,1,0,0,True,True,..........,0.0
synth_000016,AGUUGAUCUC,10,synth,1,0,0,True,True,..........,0.0
synth_000021,UGACUUCGGC,10,synth,1,0,0,True,True,..........,0.0
synth_000024,UCAUAAUGCA,10,synth,1,0,0,True,True,..........,0.0
synth_000025,GAGUUCGAGC,10,synth,1,0,0,True,True,..........,0.0
synth_000028,GCGCCUUUUG,10,synth,1,0,0,True,True,..........,0.0
synth_000032,GAGCGCCGCC,10,synth,1,0,0,True,True,..........,0.0
synth_000035,GGCCAUGCAG,10,synth,1,0,0,True,True,..........,0.0
synth_000039,UAGCGCCUCC,10,synth,1,0,0,True,True,..........,0.0
synth_000042,CCCAGCCACU,10,synth,1,0,0,True,True,..........,0.0
synth_000044,CCCUACCCAG,10,synth,1,0,0,True,True,..........,0.0
synth_000047,GCUUGCCCGU,10,synth,1,0,0,True,True,..........,0.0
synth_000050,CAGGGACCCA,10,synth,1,0,0,True,True,..........,0.0
synth_000004,GUACCAGAUG,10,synth,2,1,1,True,False,..........,0.0
synth_000011,GAACCUCUCC,10,synth,2,1,1,True,False,..........,0.0
synth_000017,CUGUUUCAAU,10,synth,2,1,1,True,False,..........,0.0
synth_000022,UCAGGUUGUG,10,synth,2,1,1,True,False,..........,0.0
synth_000023,GUCUCAUAAU,10,synth,2,1,1,True,False,..........,0.0
synth_000029,CCAGGAGCCU,10,synth,2,1,0,True,False,..........,0.0
synth_000030,GCACCCCAGU,10,synth,2,1,1,True,False,..........,0.0
synth_000036,CGGUGGCCAC,10,synth,2,1,1,True,False,..........,0.0
synth_000037,GACAGAGCUU,10,synth,2,1,1,True,False,..........,0.0
synth_000041,UCCACGAUGC,10,synth,2,0,1,True,False,..........,0.0
synth_000043,GUGAACAGUG,10,synth,2,1,1,True,False,..........,0.0
synth_000048,GUGACCAGCA,10,synth,2,1,1,True,False,..........,0.0
synth_000001,GACAGUUUGG,10,synth,3,2,2,True,False,..........,0.0
synth_000002,CUUAGUGGUU,10,synth,3,1,2,True,False,..........,0.0
synth_000009,CAUUUUCUGA,10,synth,3,3,2,True,False,..........,0.0
synth_000056,AAAACAAGUGGU,12,synth,1,0,0,True,False,............,0.0
synth_000060,CUUUAGACUUGC,12,synth,1,0,0,True,False,............,0.0
synth_000061,CAAACAUGGCCA,12,synth,1,0,0,True,False,............,0.0
synth_000073,CACUACCUUUUA,12,synth,1,0,0,True,False,............,0.0
synth_000093,CGUCUCUUCUCG,12,synth,1,0,0,True,False,............,0.0
synth_000066,GAUCGGGAUAAU,12,synth,2,1,1,True,False,............,0.0
synth_000088,CAGCGUACGGUC,12,synth,2,1,1,True,False,............,0.0
synth_000100,GGGCUCCAUGCG,12,synth,2,0,1,True,False,..((.....)).,-1.399999976158142
synth_000055,AGUCAAUCUGCA,12,synth,3,3,2,True,False,............,0.0
synth_000067,CCCCGCGUAGGA,12,synth,3,3,1,True,False,..((.....)).,-1.399999976158142
synth_000069,CAACAUUGUCAU,12,synth,3,1,3,True,False,............,0.0
synth_000071,GAUCGGCGAAUG,12,synth,3,3,2,True,False,............,0.0
synth_000082,AGGCUGUGUGCA,12,synth,3,2,3,True,False,..((.....)).,-1.2000000476837158
synth_000058,UGCCUAGCUUGU,12,synth,4,5,4,True,False,............,0.0
synth_000063,UGUCUAAUCAUU,12,synth,4,5,5,True,False,............,0.0
synth_000068,AAAGUAUCAUGC,12,synth,4,6,3,True,False,............,0.0
synth_000070,CGCUGAGUUAGA,12,synth,4,5,3,True,False,............,0.0
synth_000080,GUUGCGCGACUU,12,synth,4,6,3,True,False,............,0.0
synth_000089,GUGGUCAGGGCC,12,synth,4,6,3,True,False,..(((....))),-0.4000000059604645
synth_000094,GCCCCUGGGAAG,12,synth,4,3,4,True,False,............,0.0
synth_000072,AUGUAUUAACAA,12,synth,5,9,7,True,False,............,0.0
synth_000075,UGUCUCUAAGUA,12,synth,5,8,4,True,False,............,0.0
synth_000078,CUGAAUUUGGUC,12,synth,5,8,6,True,False,............,0.0
synth_000091,CAGUGGGGCCCU,12,synth,5,7,6,True,False,............,0.0
synth_000051,CCGCAGAUGGUU,12,synth,6,9,11,True,False,............,0.0
synth_000083,UAUUGCUAACAG,12,synth,6,11,12,True,False,............,0.0
synth_000086,UUGAAAAGAAAG,12,synth,6,15,10,True,False,............,0.0
synth_000087,CUGAAAUCGUUG,12,synth,6,13,7,True,False,............,0.0
synth_000098,CCUCCCGGAGUG,12,synth,6,12,11,True,False,((....))....,-0.20000000298023224
synth_000057,AAGUUCUGCUUC,12,synth,7,20,0,True,False,............,0.0
synth_000112,UCAUGACUCUAGCC,14,synth,1,0,0,True,False,..............,0.0
synth_000141,UGAGCGGGGACAAA,14,synth,1,0,0,True,False,..............,0.0
synth_000101,GAUCCCAGCACUGA,14,synth,2,1,0,True,False,..............,0.0
synth_000114,CAAAAGGAAAAGCU,14,synth,2,1,0,True,False,..............,0.0
synth_000115,CCCCUCCGCAGAUC,14,synth,2,1,1,True,False,..............,0.0
synth_000130,AGGCAGGGAUGGGC,14,synth,2,1,0,True,False,..............,0.0
synth_000133,CAUGCCGGCGAAGG,14,synth,2,0,1,True,False,....((......)),-0.4000000059604645
synth_000139,CACCUCCCUAGAAC,14,synth,2,1,1,True,False,..............,0.0
synth_000124,AUCAGAUAGAGAAG,14,synth,3,3,3,True,False,..............,0.0
synth_000127,GAUCCGACUCGACA,14,synth,3,2,2,True,False,..............,0.0
synth_000131,CCUGCGACCCCUAG,14,synth,3,3,0,True,False,..............,0.0
synth_000140,AAACUGCCCUUCGA,14,synth,3,1,2,True,False,..............,0.0
synth_000106,UAUGAAUGGACGCG,14,synth,4,3,6,True,False,..............,0.0
synth_000135,AUGCGGUGGGAGGC,14,synth,4,5,6,True,False,..((........)),-0.30000001192092896
synth_000138,UCUGUUUGUCACUA,14,synth,4,4,5,True,False,..............,0.0
synth_000143,UUACGGACAGAUAC,14,synth,4,6,5,True,False,..............,0.0
synth_000113,CCACCAGGCUGCCC,14,synth,5,5,9,True,False,..............,0.0
synth_000102,CAGACAAAGCCUGU,14,synth,6,14,9,True,False,(((.......))).,-0.30000001192092896
synth_000121,AGAGCUGGUCCUGU,14,synth,6,10,13,True,False,..............,0.0
synth_000137,GGCUGAAGUACUGC,14,synth,6,11,11,True,False,..............,0.0
synth_000108,AGGUGAGCCAGUGC,14,synth,7,18,16,True,False,.((....)).....,-0.30000001192092896
synth_000111,GAUAUUUGACUGGG,14,synth,7,18,12,True,False,..............,0.0
synth_000120,UCUCCUGAGGUCCC,14,synth,7,19,13,True,False,..............,0.0
synth_000136,UGAUUCACAAGCUG,14,synth,7,11,17,True,False,..............,0.0
synth_000104,ACCGGGCAAGGUGC,14,synth,8,23,21,True,False,(((......)))..,-2.5999999046325684
synth_000107,UGAGUGGGCGUGCA,14,synth,8,21,20,True,False,..............,0.0
synth_000119,GGCUUGUGGACGCC,14,synth,8,19,15,True,False,(((........))),-2.5999999046325684
synth_000126,ACUGAAGUGAUUCU,14,synth,8,20,19,True,False,...(((....))).,-0.10000000149011612
synth_000134,GAUCGGUGGUGGGC,14,synth,8,22,19,True,False,..............,0.0
synth_000147,CUUAUUUGAAAACA,14,synth,8,18,22,True,False,..............,0.0
synth_000204,AGAGCAGAGAGCAGAA,16,synth,1,0,0,True,False,...((.....))....,-0.699999988079071
synth_000206,GAGAAACAGAGCUAAA,16,synth,1,0,0,True,False,................,0.0
synth_000235,UUCCUACUCUACAUCG,16,synth,1,0,0,True,False,................,0.0
synth_000232,GAGAGAGGACUGCGCA,16,synth,2,1,1,True,False,................,0.0
synth_000233,AACCUGCCGCCGAAAG,16,synth,2,1,0,True,False,................,0.0
synth_000248,CCAAUCCCUGACGCCU,16,synth,2,1,1,True,False,................,0.0
synth_000214,GGCAGCACCCCGGCAC,16,synth,5,7,8,True,False,....((......))..,-0.8999999761581421
synth_000236,AACCAUUAACUACUAG,16,synth,5,9,5,True,False,................,0.0
synth_000211,AUCCGAGACUCUCCAC,16,synth,6,12,12,True,False,....(((...)))...,-0.20000000298023224
synth_000230,CCGGGUGCAUUGAGAG,16,synth,6,15,9,True,False,................,0.0
synth_000231,GUGCAUGCCCGGUUCU,16,synth,6,11,14,True,False,................,0.0
synth_000246,UCACAAUGCUCGCGGA,16,synth,6,11,7,True,False,................,0.0
synth_000210,UCACAGUCCUUGCCUU,16,synth,7,19,14,True,False,................,0.0
synth_000238,CGAGCGCGGUCCUAGU,16,synth,7,12,18,True,False,................,0.0
synth_000201,AAUUCUAGCAACAGGC,16,synth,8,23,18,True,False,................,0.0
synth_000226,AGAUCCGAACUUGUGU,16,synth,8,15,23,True,False,................,0.0
synth_000242,CCCGAGCUACCGCCGG,16,synth,8,21,16,True,False,.(((.((....))))),-4.699999809265137
synth_000208,GGCUCACUGUCCCCCC,16,synth,9,36,22,True,False,(((.....))).....,-1.2000000476837158
synth_000215,UAUUCCACCCGUUUGG,16,synth,9,30,26,True,False,....(((......))),-0.30000001192092896
synth_000250,GCAGUUCACAGACUAA,16,synth,9,32,8,True,False,..((((....))))..,-0.5
synth_000243,CCUCCCGAAAGGAAGC,16,synth,10,43,24,True,False,.((.((....)).)).,-1.600000023841858
synth_000205,CCAGGUCCUGCACAGG,16,synth,11,36,37,True,False,......(((....))),-0.20000000298023224
synth_000224,UCCUGUCUCAGACAUC,16,synth,11,48,33,True,False,...((((...))))..,-1.600000023841858
synth_000247,UUGGGUAACCACGCAG,16,synth,11,38,28,True,False,.(((....))).....,-2.5
synth_000213,ACCCUGCCCUGGGACC,16,synth,12,63,20,True,False,.(((......)))...,-4.400000095367432
synth_000240,CGACAUCGUCAAAUUG,16,synth,12,50,41,True,False,.(((...)))......,-0.699999988079071
synth_000245,AACCGCCGGGGUAUGG,16,synth,12,48,48,True,False,.(((.....)))....,-2.700000047683716
synth_000222,GUUGGGGCUGCCACGA,16,synth,13,51,46,True,False,..(((.....)))...,-2.0999999046325684
synth_000237,GUGGUUAAGAGGGCCG,16,synth,13,65,13,True,False,..((((.....)))).,-2.700000047683716
synth_000209,ACCCCCUACCAGUGGU,16,synth,14,75,57,True,False,....((.......)).,-0.4000000059604645
synth_000281,UCAUCUCUUAGUUUUCCA,18,synth,2,1,0,True,False,..................,0.0
synth_000284,GGAAGGAAGCAUGGUAAU,18,synth,2,0,1,True,False,..................,0.0
synth_000283,GAAAAUCAAGAAACGGGA,18,synth,4,6,4,True,False,..................,0.0
synth_000291,ACCACCCUGAAUGUAUCC,18,synth,6,10,12,True,False,..................,0.0
synth_000260,AAGUCCGCUUCUCACCUA,18,synth,7,20,14,True,False,..................,0.0
synth_000285,GUGCACGGAAAUUACCAA,18,synth,8,22,19,True,False,......((......))..,-0.5
synth_000259,GCGCCAUUAUUAAAGAAG,18,synth,9,26,26,True,False,..................,0.0
synth_000265,AAUUUACGGGCCCCAUAG,18,synth,9,27,19,True,False,..................,0.0
synth_000253,UGAAGAACGCAGCGAAUU,18,synth,10,24,34,True,False,..................,0.0
synth_000274,AUGGAUCACAACUCCUAC,18,synth,10,42,24,True,False,..(((.......)))...,-1.2000000476837158
synth_000294,CCUGCUUCAUACCCAGAU,18,synth,10,31,36,True,False,..................,0.0
synth_000300,UAAGACAGCGUAGUGGGU,18,synth,10,26,36,True,False,..................,0.0
synth_000290,ACAUUUGAUCUAUAGCAU,18,synth,11,33,38,True,False,..................,0.0
synth_000296,UGGAGCCCACAGAUCCAU,18,synth,11,52,29,True,False,((((.........)))).,-2.700000047683716
synth_000268,AACCCGUGUUCGAAUCGC,18,synth,12,41,50,True,False,..................,0.0
synth_000275,AUCUAAAGUAUUUCCACU,18,synth,12,42,52,True,False,..................,0.0
synth_000254,GCGAAAAGUAUCGUGACU,18,synth,13,50,53,True,False,((((......))))....,-2.4000000953674316
synth_000287,GUCUGCUCGCCUUGAUGC,18,synth,13,51,50,True,False,..................,0.0
synth_000255,UGCACCCGCGUGAAUCAU,18,synth,14,75,58,True,False,..(((....)))......,-1.100000023841858
synth_000280,CAGUACUUCCUUUGAAUG,18,synth,14,55,56,True,False,..................,0.0
synth_000252,ACUUGGCUCUCGCAUCGA,18,synth,15,89,67,True,False,.....((....)).....,-0.6000000238418579
synth_000256,UGAGUUUUCGAACGCAUC,18,synth,15,57,58,True,False,..................,0.0
synth_000269,GGUGGGGCCGAAGACUAU,18,synth,15,90,69,True,False,(((...))).........,-1.600000023841858
synth_000266,UGUAGCCUGGAUAUCACA,18,synth,16,88,77,True,False,..................,0.0
synth_000282,CUUCGGUGCGUUUCAGAG,18,synth,16,69,51,True,False,..................,0.0
synth_000292,AAUCUCAUCUGAUCUUGG,18,synth,16,79,82,True,False,.(((......))).....,-0.4000000059604645
synth_000299,AGGAAAGUCCGGGCAUCU,18,synth,16,89,61,True,False,.(((...)))........,-1.2000000476837158
synth_000289,CGGGCCUGGAUUUGACCC,18,synth,17,106,86,True,False,.(((.(.......).))),-2.5
synth_000251,AACUAUACAUGGUGGAUC,18,synth,19,137,126,True,False,..((((.....))))...,-0.5
synth_000263,GAAUUUGCGGGCAUCUUU,18,synth,20,130,99,True,False,..................,0.0
synth_000337,GCGAAAGACUAAUCGAACC,19,synth,4,6,2,True,False,.(((........)))....,-0.8999999761581421
synth_000313,CGCCUAAAAUCCCGCCCGU,19,synth,5,8,9,True,False,...................,0.0
synth_000316,GGAAGCAGGAGUGAACGCC,19,synth,6,11,9,True,False,...................,0.0
synth_000301,AACGGCCGCCGUACAGAAG,19,synth,7,20,6,True,False,.((((...)))).......,-3.0
synth_000317,CCGAGAGAUCCGGAAGCCG,19,synth,8,24,13,True,False,(((.......)))......,-2.299999952316284
synth_000320,GCAACGGUCAAGCAGACGG,19,synth,8,20,19,True,False,....(.(((.....))).),-2.299999952316284
synth_000324,GGGAAGGCGGCAAGGGGCC,19,synth,8,28,16,True,False,.....(((........))),-3.799999952316284
synth_000334,UAUAACUCAGAGGCACAGU,19,synth,8,23,11,True,False,...................,0.0
synth_000331,UAUUAAAACAAAAGCCAUG,19,synth,9,29,18,True,False,...................,0.0
synth_000343,GUUAAAUUACACGCUACCG,19,synth,9,19,25,True,False,...................,0.0
synth_000344,CAACAGUGCUGAAAGGCCU,19,synth,9,22,19,True,False,....((.(((....))))),-2.200000047683716
synth_000318,GACAUCGGAUCAAGGCCGA,19,synth,10,31,28,True,False,....((((.......)))),-3.200000047683716
synth_000335,UCUGACGUGCAAAUCGAUC,19,synth,11,38,35,True,False,...................,0.0
synth_000338,AUUAAGGAAUAGACCAAGC,19,synth,11,46,38,True,False,.....((......))....,-0.5
synth_000345,GUGAGCACUAGAGGUAACG,19,synth,11,40,31,True,False,...................,0.0
synth_000319,AGCCGCCUGCGCUGCCCCC,19,synth,12,44,50,True,False,.((.((....)).))....,-2.799999952316284
synth_000349,CUUCACGGCUACGAAUCGC,19,synth,12,44,47,True,False,.....((....))......,-0.4000000059604645
synth_000307,GCAACCCAACUGUGGGAAA,19,synth,14,64,60,True,False,....((((....))))...,-4.5
synth_000321,CGCCGCAAGGCGUCACCCC,19,synth,14,74,66,True,False,((((....)))).......,-6.400000095367432
synth_000327,CGCAAAGCUAGAGGCUAGA,19,synth,14,80,53,True,False,.....((((...))))...,-2.200000047683716
synth_000348,CGCAGCGAAGUUCUAAGGC,19,synth,14,65,51,True,False,...................,0.0
synth_000304,ACGGCCGUGCAGGAACUUU,19,synth,15,60,57,True,False,....((.....))......,-1.2000000476837158
synth_000350,GUUCACAGACUAGACGGCA,19,synth,15,91,59,True,False,...................,0.0
synth_000311,CUACGGGAUAUCCGGGGGC,19,synth,17,84,59,True,False,((.(((.....))).))..,-3.700000047683716
synth_000332,AGACUUGUAAGCCCAGUGU,19,synth,17,97,91,True,False,...................,0.0
synth_000346,CCUCUAGGGAUGGUAAUAA,19,synth,17,75,94,True,False,(((...)))..........,-0.6000000238418579
synth_000309,GCUUUGGAACUUCGACUUC,19,synth,18,112,96,True,False,...................,0.0
synth_000315,CGCACGGUGCAGUUCAACG,19,synth,18,103,110,True,False,.(((...))).........,-1.100000023841858
synth_000323,CGCCCUGAAACAGGUGCCU,19,synth,18,113,62,True,False,.((((((...)))).))..,-6.099999904632568
synth_000333,GUAAAGAUACACUCUGAGU,19,synth,18,84,105,True,False,...................,0.0
synth_000365,CAAUCAUCAAAGACUACGCG,20,synth,2,1,1,True,True,....................,0.0
synth_000384,CCAGCCCGGAGCACAGAAGC,20,synth,4,3,5,True,True,((.....))...........,-0.20000000298023224
synth_000373,GGGAAGGUGAAGCAAAAUGA,20,synth,5,10,8,True,True,....................,0.0
synth_000364,AUCAGCUGAACAGAAAGACA,20,synth,6,9,12,True,True,....................,0.0
synth_000395,GAAAAAACAGUGAGGUCACG,20,synth,7,15,16,True,True,.........(((....))).,-1.600000023841858
synth_000382,GGUGGGAAGGCGCGGACGAG,20,synth,8,27,22,True,True,.(((......))).......,-2.299999952316284
synth_000378,AGUAGGGAAGCCGGUGUAAG,20,synth,9,25,21,True,True,....((....))........,-1.2999999523162842
synth_000386,CGGAGGGACAGGCCCGCAGA,20,synth,9,34,12,True,True,..(.(((.....))).)...,-3.700000047683716
synth_000356,UGUGGCCGGGACGAGAAGGC,20,synth,10,29,33,True,True,....(((..........))),-2.5
synth_000358,AGCCAGGAGACCUGCCGAAC,20,synth,10,38,16,True,True,.(.((((...)))).)....,-3.0
synth_000390,GGCACUAUGGCGAAGAUGAG,20,synth,10,27,32,True,True,.((......)).........,-1.0
synth_000397,CAGGCGAGGCAGCAACCCCC,20,synth,10,35,25,True,True,...((......)).......,-1.7000000476837158
synth_000400,AGGACCCCCGACGGCAAGUG,20,synth,10,25,29,True,True,.((....))...........,-0.6000000238418579
synth_000354,GUGAGCGCGACGAAACCGAU,20,synth,11,37,39,True,True,....................,0.0
synth_000357,UCGGGAGUAGGAGGACCGCA,20,synth,11,34,41,True,True,.(((...........)))..,-2.0999999046325684
synth_000374,UGAAUCAUAAGCCAGAAUGC,20,synth,12,43,52,True,False,....................,0.0
synth_000388,CACCGCCAGUGCAGGGGAUC,20,synth,13,43,57,True,False,..((.((......))))...,-3.299999952316284
synth_000361,UGCCGUCGCGCCUUUUCAGC,20,synth,14,58,52,True,False,.((....))...........,-0.4000000059604645
synth_000362,GACUUUAUUAAUUGCAUAUU,20,synth,15,63,72,True,False,....................,0.0
synth_000369,AGGAAAAUGGGUGUAAAUCC,20,synth,15,80,52,True,False,........((((....)))),-2.0999999046325684
synth_000372,UUACCACUAAGUUCUUUCUU,20,synth,15,91,65,True,False,....................,0.0
synth_000352,CGCAGGGAAUCCGGUGCGAA,20,synth,16,71,58,True,False,((((.((...))..))))..,-5.0
synth_000353,UCCGGAACGGCCCCGCCACU,20,synth,16,85,89,True,False,........(((...)))...,-2.799999952316284
synth_000387,UGCCACAGCAACCAUCCUGG,20,synth,16,85,83,True,False,(((....)))..........,-1.2000000476837158
synth_000393,GUUAGCAUGAAAUACCACAC,20,synth,16,91,72,True,False,....................,0.0
synth_000396,AGACCUCGCCCAUGGCCCGG,20,synth,16,89,72,True,False,...((..(((...)))..)),-3.5999999046325684
synth_000377,GGAUAAAACGCUUCGGGAGC,20,synth,18,127,111,True,False,.........((((...)))),-1.2000000476837158
synth_000379,UCCGGCGCUGCCCCGCAUCU,20,synth,18,117,108,True,False,....(((......)))....,-2.5
synth_000391,GACACUGUUCCUUUCCAGCA,20,synth,18,100,108,True,False,....(((........)))..,-0.800000011920929
synth_000392,CAGCUUUUAAUACCUGUGUG,20,synth,18,95,106,True,False,....................,0.0
synth_000180,AAUUCUCGCGCUCAU,15,synth,1,0,0,False,True,...............,0.0
synth_000200,CACCCAAUGAAGACC,15,synth,1,0,0,False,True,...............,0.0
synth_000171,ACUAAUUCGUCUUCA,15,synth,2,0,1,False,True,...............,0.0
synth_000183,CCUACCCUCCACGAG,15,synth,4,6,2,False,True,...............,0.0
synth_000151,GCACCUGUAGCUCAG,15,synth,5,6,7,False,True,....(((.....))),-0.4000000059604645
synth_000156,AGGGCACACGGUGGA,15,synth,5,10,7,False,True,....(((...)))..,-0.30000001192092896
synth_000159,UGAACGGCUGCGAUA,15,synth,5,6,9,False,True,....((....))...,-0.10000000149011612
synth_000174,AUAUUCUAAACCUUU,15,synth,5,8,5,False,True,...............,0.0
synth_000195,UACUCUAAAGGCACA,15,synth,5,7,7,False,True,...............,0.0
synth_000188,UUCAGUACAACAAGG,15,synth,6,11,8,False,True,...............,0.0
synth_000190,AAGUUUCAUGUACGG,15,synth,6,9,13,False,True,...............,0.0
synth_000158,AGUCGAUGAAGGGCG,15,synth,7,19,14,False,True,.(((.......))).,-1.7999999523162842
synth_000165,UUACCGCAUGCUGAA,15,synth,7,17,9,False,True,...............,0.0
synth_000166,UUGAAGCCGUGUGCG,15,synth,7,14,18,False,True,...............,0.0
synth_000176,CCGUCAGGGUUUAUC,15,synth,7,13,17,False,True,((....)).......,-1.2999999523162842
synth_000422,UCUGCUCUGCUCACCCACCUCACAU,25,synth,9,27,29,False,True,.........................,0.0
synth_000428,GCAACCGGUACAAAAACAAAGUAAA,25,synth,9,30,26,False,True,.........................,0.0
synth_000414,UCCCGCCUCCCCGACUGCACUGUUC,25,synth,14,60,58,False,True,............(((......))).,-0.30000001192092896
synth_000448,ACGGUCAAAUGGAUGCCAAAAACAA,25,synth,17,89,88,False,True,..((.((......))))........,-1.399999976158142
synth_000424,CAGGGGUAGAGCACAUGGUCGGCAC,25,synth,18,83,100,False,True,.....((.((.(....).)).))..,-2.4000000953674316
synth_000408,UCCGGCCGGAGGGAGUACUAAGCAA,25,synth,21,115,136,False,True,(((........)))...........,-2.9000000953674316
synth_000401,CUGCAGGGAUGAUGUAAAAAUGAAC,25,synth,23,168,170,False,True,.((((.......)))).........,-1.2999999523162842
synth_000431,AUGCAACAUAUCAAUAAAGCUCUUU,25,synth,24,138,123,False,True,.........................,0.0
synth_000432,ACGAGUACCAAGGUGCUAAAUCCAG,25,synth,24,193,181,False,True,...(((((....)))))........,-5.099999904632568
synth_000404,CCCUCCGACCGGUAUUACUUGUCUC,25,synth,28,256,247,False,True,......(((.(((...))).)))..,-3.200000047683716
synth_000436,AGAAAUCUGGUCCGCCGCGUAUGUG,25,synth,29,205,266,False,True,.......(((....)))........,-0.4000000059604645
synth_000409,GCUAUAUAAUAGGAAACUAUCACGU,25,synth,30,270,257,False,True,........((((....)))).....,-1.600000023841858
synth_000406,UAUGUAUAAAAAACAUCUAGAUACA,25,synth,31,337,308,False,True,..(((((.............))))),-0.20000000298023224
synth_000412,CACAGUCCGGUAGUGCACGAGCUUU,25,synth,31,228,315,False,True,...(((.((........)).)))..,-2.9000000953674316
synth_000416,GCCUCGGGUUCCAUUCCAGUGCCAC,25,synth,31,299,273,False,True,((((.(((......))))).))...,-4.5
synth_000487,AAAAAAAAAAAAACGCCGCGCCCCCCCCCC,30,synth,2,1,1,False,True,..............................,0.0
synth_000459,GUACCUGCCACAAACCCCUCCCUAGAGAAA,30,synth,14,45,58,False,True,.................(((....)))...,-1.399999976158142
synth_000477,GAGGCUAAAUAGGAAAAGGCCCGCACACGC,30,synth,17,90,53,False,True,(.((((...........)))))........,-3.9000000953674316
synth_000498,CUAAUAUACAAAGAGGCACCAAACUCGCUA,30,synth,18,89,69,False,True,............(((........)))....,-2.9000000953674316
synth_000479,CACUAAUGCACCAGAUCCCAUCAGAAUUCC,30,synth,22,128,127,False,True,..............................,0.0
synth_000473,CUCUUUAAAAAAUUUCAUGUCUCUUCUCUG,30,synth,23,118,154,False,True,..............................,0.0
synth_000461,AGAAAUUGCAACGGACAGAUACGGGGCAGA,30,synth,25,266,208,False,True,......(((..((........))..)))..,-7.0
synth_000492,GACCAGGACAAAUUGAGAGAAAUCAUAAGG,30,synth,28,263,234,False,True,.............(((......))).....,-0.6000000238418579
synth_000499,UAUCUAAUCCAUGCCAAGACUAGAAGUCAC,30,synth,30,223,283,False,True,.................((((...))))..,-2.299999952316284
synth_000472,UCCACGUCUAGAUACAGCCUGAAAUGAUGA,30,synth,38,328,396,False,True,....((((.................)))).,-1.2999999523162842
synth_000453,GUGGCCUCCUACCCGAUGAAGACUUACUCA,30,synth,43,455,496,False,True,((((....))))..................,-1.2000000476837158
synth_000494,GAUGACAGCCUCAGAGCUGACACUGCUGAU,30,synth,44,475,595,False,True,..((.((((......)))).))........,-4.599999904632568
synth_000484,UACAGAAGUUCAAAUCUUCUCAUUAGCUCC,30,synth,45,544,646,False,True,...(((((.......)))))..........,-3.200000047683716
synth_000497,GAGGCUGAAAGAAGUCAGCAUACUGCAUCU,30,synth,50,607,679,False,True,...(((((......)))))...........,-6.300000190734863
synth_000467,AGGAAAGCCGUAUACAUCGAGAGGUGUACG,30,synth,57,1188,984,False,True,........(((((((........))))))),-6.699999809265137
synth_000506,GUGCAUGACCAAGCCGAGGACUAGGGCCACAGAGA,35,synth,28,154,218,False,True,(((.........(((.........)))))).....,-3.9000000953674316
synth_000515,CUGGAUCCCCAGCACCAAUAAGUAAGUAAACAAAU,35,synth,31,211,255,False,True,((((....)))).......................,-3.799999952316284
synth_000510,UACCCGGAGCAACAUCAAAUAGGCAUGCGCAGGCU,35,synth,34,221,318,False,True,...((...(((..............)))...))..,-2.9000000953674316
synth_000532,CCUAAAGCCAAUCGCACCAACCCGCGGCGGGAAAC,35,synth,41,486,501,False,True,.......((..((((........))))..))....,-6.599999904632568
synth_000529,AGCCCGGCAACGACUAAAAACCAGCCCGGGCCGCC,35,synth,48,672,650,False,True,.(((((((...............).))))))....,-10.899999618530273
synth_000512,AGAUGGCUAGAGUGACGCAGCAAUGCGCCACCCAG,35,synth,55,709,825,False,True,...(((.....(((.((((....)))).)))))).,-9.0
synth_000535,CGGACGACCAUGGGCAAUCCGCAGCGAAGCCCCUA,35,synth,55,750,823,False,True,.((....))..((((..((......)).))))...,-6.199999809265137
synth_000526,CAGUCUUACCAUUAACAAGUUUUUUCCCCUAGUCU,35,synth,59,768,933,False,True,...................................,0.0
synth_000517,AAGUAGCAACUCAGAAGAAAACCUGGCUUACCUAA,35,synth,60,857,1010,False,True,..(((((....(((........))))).)))....,-2.799999952316284
synth_000534,UAACAGACGAUCUGGAUACCGCCCGCGCUCCGGCG,35,synth,61,870,1063,False,True,...((((...)))).....((((........)))),-7.300000190734863
synth_000549,UGGAGUAUACCUCCAGAACCCAAUUCAGACUACUC,35,synth,65,1152,1291,False,True,(((((.....)))))....................,-5.5
synth_000542,AGCCCCUAUAUUGACCUUGAUGAGUCACUUAACCA,35,synth,70,1231,1538,False,True,...........(((((.....).))))........,-2.799999952316284
synth_000546,CUUCACAGGAGAAACCAGCCAGUGUAGCUCUCCAG,35,synth,72,1219,1493,False,True,.......(((((...((.....))....)))))..,-5.800000190734863
synth_000504,CAUCGAGGAAGGUCCGGACUCCACAGGGCAGGGUA,35,synth,74,1327,1526,False,True,...........((((..........))))......,-4.5
synth_000514,GAAUCCGGCCUACAGACCUGUCUCACCUCCCUGGG,35,synth,82,1747,2032,False,True,((..(.((........)).)..)).((.....)).,-2.799999952316284
synth_000562,AAAACCCCCCCCCCCCCCCCCCCCUUUUUUUUUAUAU,37,synth,44,904,568,False,True,.....................................,0.0
synth_000569,GGUGACGGCAGGAGCUAGGAAAACCCCGCCCGGAGCA,37,synth,56,647,899,False,True,.((..(((..((.....((....))))..)))..)).,-8.199999809265137
synth_000575,AAGCUUUGCUCUAAUUGUCACAAGCCCUCCCUAUAAC,37,synth,56,719,930,False,True,..(((((((.......).)).))))............,-2.299999952316284
synth_000559,CAAAGCGUCUGAAUUCUGAAAUGGGACCUAAAAAAAA,37,synth,62,1031,1176,False,True,...((.((((.(.........).))))))........,-3.4000000953674316
synth_000557,CCAAUUCAAUUCAGGCUACUCGGUGCCUAACAGUCCU,37,synth,67,969,1272,False,True,............((((........)))).........,-5.699999809265137
synth_000577,AUUAUAACGGACAGAUACGGGGCAUACAGGUAGCCUC,37,synth,70,1020,1478,False,True,..................(((((.........))))),-5.699999809265137
synth_000566,AUCCCCAGUCCUGGCGACAGGAAGGAAAGUGCCACAG,37,synth,71,1080,1617,False,True,....((..(((((....))))).))............,-8.600000381469727
synth_000592,CACCGGCCAGGACAGCAGACGGACAGGUUAGCUUCGG,37,synth,73,1258,1673,False,True,..((((.......(((.(((......))).))))))),-5.900000095367432
synth_000588,GGCUCAUGGAUCGAUGAAAAACGCAGCUAGCUGUCGA,37,synth,83,1649,2095,False,True,...((((......))))....(((((....))).)).,-5.0
synth_000589,UUCAAAUAGUGCCGAAAUUGCAAUACACACUUGAGCA,37,synth,83,1469,2026,False,True,.........((((((...((.....))...))).))),-1.5
synth_000551,UUGGGUACCAGUUCACCUUAAGGCACACAUAUUACGA,37,synth,89,1946,2363,False,True,..((((........))))...................,-2.4000000953674316
synth_000570,AGACCAAAUAGGGGAACGCCGGAGGGUGGUCCGCCCG,37,synth,92,2032,2715,False,True,..........(((((.((((....)))).))).))..,-12.300000190734863
synth_000583,UUGAAAACACCUGCAGCGGUGGAUCCCUGGGCUCGCA,37,synth,93,1882,2519,False,True,...........((((((...((...))...))).))),-6.400000095367432
synth_000584,CGUCGAUGAAGAACGCGGCAAACUGCGAUAACUGGUG,37,synth,94,2130,2526,False,True,.............(((((....)))))..........,-5.900000095367432
synth_000585,CGAAUUGCAGAAAUCAGUGAGUCAUCGAGUCUUCGAA,37,synth,98,1908,2561,False,True,.((.((((........)))).)).((((....)))).,-3.9000000953674316
synth_000602,CCCGGGUGGAAGAGCAGAGCGAGCGGAGAGCGAGCCGAGG,40,synth,42,383,448,False,True,(((((.(.(....((.......))......).).))).)),-8.300000190734863
synth_000618,CGGCGGGGGAGACCCCAGGGAAAGCGCCACAGAAAGCAAA,40,synth,43,508,386,False,True,.((((((((...))))........))))............,-10.399999618530273
synth_000615,UCCCCUGCACUGCCUCUUCCCUGGCUCCGAUCCCCCACCG,40,synth,44,577,640,False,True,...........(((........)))...............,-4.5
synth_000640,CCCUAGCAGCACGUCAAAACUGGAGUCAUCUACCCAAAUC,40,synth,51,642,734,False,True,...(((..(.((.(((....))).)))..)))........,-2.0
synth_000609,CACUUCUCCCCGCGACCAGUGAUGAAAAAUAGCCAAAUCU,40,synth,52,540,746,False,True,((((..((.....))..))))...................,-2.700000047683716
synth_000612,AGACAGAGAAUGGGAUGGGGCCAUCAACAAAAUGGAGGGA,40,synth,52,775,848,False,True,.........((((.......))))................,-2.9000000953674316
synth_000628,ACCACUUCCUGGCCCCUUUUCCCAUAGACUUCAGACACUG,40,synth,65,970,1163,False,True,........((((...((........))...))))......,-2.0
synth_000621,CGCCCCAGGCAUGGCAAGCCCCGCCGGGAGCAAGACCGAA,40,synth,68,976,1215,False,True,.(((((.(((..((....))..)))))).)).........,-13.399999618530273
synth_000605,CGCGACCCCCCGCCGCUCCCACGGAACUUUGCCCGCCGCC,40,synth,70,1097,1308,False,True,.(((......)))........(((........))).....,-5.800000190734863
synth_000631,CCUAAAGCACUUAUUCCAAAGCCGGCGAUCGAAAGGCGCC,40,synth,71,916,1367,False,True,.......................((((.((....)))))),-6.300000190734863
synth_000633,GUGAUGCACCAAUGGACAAUCCGCAGCCAAGCUCCUACGG,40,synth,76,1048,1409,False,True,........((...(((......((......)))))...)),-2.700000047683716
synth_000607,AACUUACAACCACCCGAGAGCGAGGAGAACGCGACUCUCC,40,synth,77,1587,1964,False,True,...............(((((((.(.....).)).))))).,-9.0
synth_000645,UAUUUUAUGUGUCCGUGCAAACCUGAUCACUAACUCCUCA,40,synth,87,1541,2230,False,True,........(((((.((....))..)).)))..........,-2.0999999046325684
synth_000627,CCUCUCAUAGUGGCCCAUGUCAGAGUAAACUGCAGCCCCG,40,synth,88,1654,2264,False,True,...........(((...((.(((......))))))))...,-5.400000095367432
synth_000649,AUGCCUAGGCGCAGAGGGGCGAUGAAGGACGUGGCAAGCU,40,synth,89,1646,2346,False,True,((((((...(((......)))....))).)))........,-7.199999809265137
synth_000668,AAUCCUGAGCCAAGCCAGAUGCGCGGUAGUCCAACGAAAGG,41,synth,66,792,1095,False,True,........(((..((.....))..)))..............,-4.199999809265137
synth_000693,CGAGUCCCAGCAACUCAUAUGCAGUUCUCCUCCCAGUUCUU,41,synth,81,1475,1816,False,True,.(((.....(((.......)))....)))............,-3.0
synth_000662,UGACUGCGCAAUCUACUGCCUUUUUCCGGCUUCCACAGAUA,41,synth,82,1161,1877,False,True,..........((((...(((.......)))......)))).,-3.9000000953674316
synth_000666,UACCUUUAUCUGAAUCCACGGAUCACCCAGCAGCGAUGCUG,41,synth,95,1699,2406,False,True,.......(((((......)))))....(((((....))))),-8.300000190734863
synth_000670,UACCCCGUAAGCACGGGGGAAGCGCAAGGCCCUCACGAAGG,41,synth,95,2312,2399,False,True,..((((((....))))))...((.....))(((.....))),-12.100000381469727
synth_000677,ACACUGUCAACAAAUACUAGGUGCUGCAAGCUGGAGAGAUG,41,synth,98,1873,2632,False,True,................((((.(......).)))).......,-3.799999952316284
synth_000689,CUGCUGACCGACUGGCCUAUUGCGCCGGCAAAAUGAAACUC,41,synth,99,2125,3013,False,True,...........((((((....).))))).............,-7.300000190734863
synth_000659,CCGGGAAGACUGGUGAGUAGGAUGAAGUUGAGUCAGGAGAC,41,synth,103,2431,3030,False,True,((((.....))))..................(((....))),-4.900000095367432
synth_000686,CCUUUAGCUUUGACUGCUGCCUUUCCUAAUGUCAGGCCCCC,41,synth,106,2708,3415,False,True,.....(((.......)))((((..(.....)..))))....,-5.5
synth_000699,CUAUAAUUUUAAUUUUACUCUAUAAACUUUUUUUUUUCUAG,41,synth,113,2496,3285,False,True,.........................................,0.0
synth_000654,AGUAACACACAGUUACACGACCUCAUCAAUCGUGUCACUGG,41,synth,115,2854,3789,False,True,.........((((.((((((.........)))))).)))).,-11.100000381469727
synth_000674,UGUGGGGGCAACUGAGGAAUACUAGGUGCUGCAGAUAGCAA,41,synth,116,2800,3619,False,True,....(.((((.((.((.....)).)))))).).........,-7.900000095367432
synth_000675,GGAUCUACAUACCCCAAAGGCACCAGAUCUCAUCUGAUUUU,41,synth,116,3179,3968,False,True,((((((.....((.....))....))))))...........,-4.599999904632568
synth_000657,CGGGAAAGAGGUGCGAAUCCUCUACAGGCCCUAGCUACUGU,41,synth,121,2792,4120,False,True,.(((..(((((.......))))).....)))..........,-9.699999809265137
synth_000691,CCACGUGAGUUGCUGGUGCCCAGGAGCACACAGACAGCAUA,41,synth,121,3023,4658,False,True,........(((((((((((......)))).))).))))...,-13.300000190734863
synth_000713,GUUCGAAUCCUACCCCAGUCAAACUUUCAGCAAUGGAUGUCU,42,synth,103,2158,2992,False,True,....((((((........................)))).)).,-2.4000000953674316
synth_000740,AGCCCCCCUUGGAAGUCCAAGCAGACAUUUAGCGGCCGGCCA,42,synth,111,2450,3077,False,True,.(((..(((((((.(((......))).))))).))..)))..,-10.399999618530273
synth_000708,UCUGAGGGCAGCUGUGUUGAAAGACCUGACUGACCCCUACAA,42,synth,115,2475,3683,False,True,.....(((((((.(.(((....)))).).))).)))......,-8.899999618530273
synth_000704,CCGCGGACGCCGAAGGAGCAACUCCUCUCCGAGAAUCUCUCA,42,synth,117,2883,3436,False,True,...(((...))).(((((...)))))....((((...)))).,-8.800000190734863
synth_000703,AGCCAGAGUCAUGCGUCCCACGGGAGAGUUCCGCUGCAUCCG,42,synth,118,2612,3586,False,True,(((..((.((.(.(((...))).).)).))..))).......,-7.400000095367432
synth_000721,AAACCGCAUAGAGCAAUCUGUGCAUGGCGUCCCUGCCCCUAC,42,synth,118,3168,3804,False,True,.....(((((((....)))))))..(((......))).....,-13.100000381469727
synth_000736,UCUCAAGUGCAUUAGUAGGUGGCAGAGAAGAGACAGACUAUG,42,synth,118,2452,4380,False,True,((((...((((((....))).))).....)))).........,-4.300000190734863
synth_000724,GGCUCAAUGGCAGAGCGUCUGACUACGAUUGUACGACUCACU,42,synth,120,2580,3963,False,True,.((((.......))))(((..((.......))..))).....,-7.599999904632568
synth_000737,UUUGACCUCUGAACAUCUGAAUAAUUAGGAAGCUAAACUAAC,42,synth,121,3500,4070,False,True,........................((((....))))......,-1.2000000476837158
synth_000743,GCAAUAAUUCAUUGGAUCCCGUCAGCACUUCGAAGUUAAAUG,42,synth,122,2972,3802,False,True,.........((((.(((..((.........))..))).)))),-0.800000011920929
synth_000717,GAGUGUGAUCCAGAAUGAGAAGCUGUUCCAGAAUGAGGAGCU,42,synth,123,3290,4146,False,True,.(((....((......))...)))(((((.......))))).,-6.5
synth_000719,GAGUGGGAAGCCAUUCCAGAAUGGGGAAUCAGAAAGCCGGAU,42,synth,132,4857,4878,False,True,((((((....)))))).......((...........))....,-7.699999809265137
synth_000727,UGGAUAUCUUGGCUCUCGCAUCGAUGAAGAGCGCAGUGAAAU,42,synth,135,3083,5374,False,True,......((((((((((((......)).))))).))).))...,-7.900000095367432
synth_000732,AAUUCAGGAACGGGCCCGCCGCUGUAACUGGGGACAACUUCU,42,synth,138,4005,4673,False,True,..(((((..((((........))))..)))))..........,-8.600000381469727
synth_000734,GGAUGAUCCAGAAGUCAGAAGACCUGCCUGCAACAAGUUUUG,42,synth,143,4720,5697,False,True,(((...)))...((.(((.....))).)).............,-3.700000047683716
synth_000763,GCGCCCGACCCAGAGGCCGGCCCCAGAAAACCCCGAGCGAGUA,43,synth,44,405,509,False,True,..(((.(.((....))).)))......................,-5.599999904632568
synth_000794,GAGAUGGCACGCACCCAAGGAAUCACAAGAGACCAGAUUACUA,43,synth,53,623,727,False,True,....(((.......))).((..((....))..)).........,-2.5999999046325684
synth_000764,GGGGGCGGCGCGCGGGGAGGGAGGAGAGCCGGGGGCGUAGUGG,43,synth,70,1303,1506,False,True,....(((.(.(.(((.............))).).)))).....,-10.600000381469727
synth_000762,AAGGGAUAGUCUAGACCACAAAACACUGUAUGCUGCGGCCAGA,43,synth,95,1879,2547,False,True,..((..((...))..))........(((...((....))))).,-4.0
synth_000783,AGCAGUGCAUCAGGCUCCAAAGCUGAAAGUCCCAAGUUCAAUC,43,synth,96,1986,2636,False,True,.........((((.((....)))))).................,-3.200000047683716
synth_000786,UAUGAGAGCUUAUGGCCAUACCACCCUAGACGCACCUGAUUUC,43,synth,98,1770,2479,False,True,.((.((.(((((.((........)).)))..))..)).))...,-1.2999999523162842
synth_000778,CGAGGAAGGACGGAGCCAACUCCGUGAAACACGGCGAAUUGCA,43,synth,104,2339,2657,False,True,((.(.....((((((....))))))....).))((.....)).,-9.600000381469727
synth_000768,CGAGAUGGUAGCCCGCUGAGAUACUCAGCCCCAAUCAUAUGAC,43,synth,105,2359,2991,False,True,....(((((.....((((((...))))))....))))).....,-9.699999809265137
synth_000777,UAAAUACAUAGACUCCGGGCGGUGGAUCACUCGGCUCGCAGAU,43,synth,106,2319,3488,False,True,............((.(((((.(.(.....).).))))).))..,-9.699999809265137
synth_000779,GGGCGCCAAGAAACCGCCACAGUUUGAACGCAUAUUGCGGCCU,43,synth,120,2767,3746,False,True,((...........))(((.((((.((....)).)))).)))..,-9.5
synth_000773,AAAGGAUAGGUGCAGAGACUCAACGGAAGCUGUUCUAACAAAG,43,synth,123,3990,4282,False,True,..(((((((.(...(........)...).))))))).......,-6.199999809265137
synth_000799,ACUCUGAAGUCUGGCAGGACAUGCAGCAAUCUCCCACUCAGGA,43,synth,125,2927,4075,False,True,.........(((((..(((.((......)).)))..).)))).,-5.5
synth_000791,GAAUCAGGAAUACUCAUCAUCUCGAGUUCAAAUUUGGCCUCAC,43,synth,127,3509,4620,False,True,((.(((((...((((........)))).....)))))..))..,-3.5
synth_000796,GAACGCCUACCGAGGAGAUAUGAAUUCUAACAUUGAAUUUACG,43,synth,127,3478,4637,False,True,.....(((....))).....(((((((.......)))))))..,-5.400000095367432
synth_000757,UAAUAGUGAAACGUUGGUAAACCCCAUAAGUGCAUCCACGGUA,43,synth,128,3197,4396,False,True,.....(((..((..(((......)))...)).....)))....,-3.4000000953674316
synth_000829,GGCACCAGGACAAAGAGUAGUCAUAGAGGAGCGGUACACACAAG,44,synth,41,365,517,False,True,.((.((..(((........))).....)).))............,-4.900000095367432
synth_000820,CUGAUCCAAAGUAGGACUAGCAAACGGAGGGACUAGCCGUAGUG,44,synth,106,1847,3078,False,True,(((.(((......))).)))...((((.........))))....,-6.699999809265137
synth_000833,AAUACCGGAACAAAGCGCUAAUGGCGAUGAAAGCUUAGUGCAUG,44,synth,111,2486,3644,False,True,..............((((((..(((.......)))))))))...,-10.199999809265137
synth_000848,GGCGGAAAUCUUAUUUCCCCUCUACCCUAUAACAGCAAUAUUCC,44,synth,112,2401,3272,False,True,((.((((((...))))))))........................,-6.699999809265137
synth_000805,UCCUAAGUCCUGUCUCUUCAUUUUCCUUGUAAGUAUUCUUGGCU,44,synth,124,3193,4128,False,True,.....((((..(...(((((.......)).)))....)..)))),-2.799999952316284
synth_000806,GCUGCACGUUAAUCUGUCAACAGACAUAUCACCCUGAACGUGCC,44,synth,124,3150,3928,False,True,...(((((((....((((....))))..........))))))).,-10.100000381469727
synth_000809,CAUUCAUAAAAGAAUGCUCCAAAAGGCCAGGUGCGGUGGCUCCA,44,synth,127,3124,4301,False,True,(((((......)))))........(((((.......)))))...,-9.199999809265137
synth_000824,CUAGGGUGAAAUCACACCACGUGAUGGGAGUACGACCUGAUAGG,44,synth,132,3028,4108,False,True,.(((((((..(((((.....))))).....)))..)))).....,-7.400000095367432
synth_000830,UACUUAUGCGGAGAGUUGAACAACUUAACGAUGCAUAACGAAAA,44,synth,133,3685,4763,False,True,...(((((((....(((((.....)))))..)))))))......,-8.699999809265137
synth_000837,AACCCCGAGAGCUGACUUGAUUGGAUUGAGCGGAAACCUGCUAA,44,synth,133,3368,5026,False,True,....(((((((....)))..))))....(((((....)))))..,-8.100000381469727
synth_000850,GCAGGUGGGAAAUUCGGUGGAACACAGCGAUGCGCUAAAUGCCA,44,synth,133,3278,4393,False,True,(((..(((.....(((.((.....)).)))....)))..)))..,-11.399999618530273
synth_000849,UACUAGUACAACCUGCUUGCACAUGACCAUCUUGGUAUUAAAAA,44,synth,135,3919,4906,False,True,....((((.....))))........((((...))))........,-2.4000000953674316
synth_000846,CCUGCCCCAAAAACUGAUAUAGUUGGUCAUAAUUCUUGCAACAU,44,synth,136,3833,5478,False,True,..(((.........((((.......))))........)))....,-2.0999999046325684
synth_000838,GUGGUAACUUCCAAAUUCAGAGAAACCCUGGAACUCAAAAUGGG,44,synth,142,3858,5576,False,True,.(((......)))..(((((.......))))).((((...)))),-5.0
synth_000823,GACGAGGGCAUGCCCAAGACGCACCUUAACCCUAGCGGGGGUCG,44,synth,143,4271,5430,False,True,...((((((...........)).)))).(((((....)))))..,-10.899999618530273
